{
    "avg_prec": 0.5169319157316516,
    "roc_auc": 0.9411434300153811
}